{"frames": {

"flag_australia.png":
{
	"frame": {"x":94,"y":838,"w":300,"h":180},
	"rotated": false,
	"trimmed": false,
	"spriteSourceSize": {"x":0,"y":0,"w":300,"h":180},
	"sourceSize": {"w":300,"h":180}
},
"flag_beatles.png":
{
	"frame": {"x":643,"y":3,"w":300,"h":180},
	"rotated": false,
	"trimmed": false,
	"spriteSourceSize": {"x":0,"y":0,"w":300,"h":180},
	"sourceSize": {"w":300,"h":180}
},
"flag_brazil.png":
{
	"frame": {"x":389,"y":258,"w":300,"h":180},
	"rotated": false,
	"trimmed": false,
	"spriteSourceSize": {"x":0,"y":0,"w":300,"h":180},
	"sourceSize": {"w":300,"h":180}
},
"flag_england.png":
{
	"frame": {"x":389,"y":443,"w":300,"h":180},
	"rotated": false,
	"trimmed": false,
	"spriteSourceSize": {"x":0,"y":0,"w":300,"h":180},
	"sourceSize": {"w":300,"h":180}
},
"flag_france.png":
{
	"frame": {"x":379,"y":628,"w":300,"h":180},
	"rotated": false,
	"trimmed": false,
	"spriteSourceSize": {"x":0,"y":0,"w":300,"h":180},
	"sourceSize": {"w":300,"h":180}
},
"flag_germany.png":
{
	"frame": {"x":399,"y":813,"w":300,"h":180},
	"rotated": false,
	"trimmed": false,
	"spriteSourceSize": {"x":0,"y":0,"w":300,"h":180},
	"sourceSize": {"w":300,"h":180}
},
"flag_holland.png":
{
	"frame": {"x":704,"y":188,"w":300,"h":180},
	"rotated": false,
	"trimmed": false,
	"spriteSourceSize": {"x":0,"y":0,"w":300,"h":180},
	"sourceSize": {"w":300,"h":180}
},
"flag_italy.png":
{
	"frame": {"x":704,"y":373,"w":300,"h":180},
	"rotated": false,
	"trimmed": false,
	"spriteSourceSize": {"x":0,"y":0,"w":300,"h":180},
	"sourceSize": {"w":300,"h":180}
},
"flag_portugal.png":
{
	"frame": {"x":704,"y":558,"w":300,"h":180},
	"rotated": false,
	"trimmed": false,
	"spriteSourceSize": {"x":0,"y":0,"w":300,"h":180},
	"sourceSize": {"w":300,"h":180}
},
"flag_stones.png":
{
	"frame": {"x":704,"y":743,"w":300,"h":180},
	"rotated": false,
	"trimmed": false,
	"spriteSourceSize": {"x":0,"y":0,"w":300,"h":180},
	"sourceSize": {"w":300,"h":180}
},
"flagstaff.png":
{
	"frame": {"x":3,"y":258,"w":86,"h":758},
	"rotated": false,
	"trimmed": false,
	"spriteSourceSize": {"x":0,"y":0,"w":86,"h":758},
	"sourceSize": {"w":86,"h":758}
},
"player_menu_fader.png":
{
	"frame": {"x":94,"y":553,"w":280,"h":280},
	"rotated": false,
	"trimmed": false,
	"spriteSourceSize": {"x":0,"y":0,"w":280,"h":280},
	"sourceSize": {"w":280,"h":280}
},
"player_menu_preview.png":
{
	"frame": {"x":94,"y":258,"w":290,"h":290},
	"rotated": false,
	"trimmed": false,
	"spriteSourceSize": {"x":0,"y":0,"w":290,"h":290},
	"sourceSize": {"w":290,"h":290}
},
"player_stats_border.png":
{
	"frame": {"x":3,"y":3,"w":635,"h":250},
	"rotated": false,
	"trimmed": false,
	"spriteSourceSize": {"x":0,"y":0,"w":635,"h":250},
	"sourceSize": {"w":635,"h":250}
}},
"meta": {
	"app": "http://www.codeandweb.com/texturepacker",
	"version": "1.0",
	"image": "spritesheet_02_1280x720.png",
	"format": "RGBA8888",
	"size": {"w":1007,"h":1021},
	"scale": "1",
	"smartupdate": "$TexturePacker:SmartUpdate:73f220db8799836c1283114df972ac66:26b3710c037d9ceeb1a806df2d2bea3c:934ff0045b7eefeeeb4ee94a767bef0e$"
}
}
