{"frames": {

"spr_hand_0001.png":
{
	"frame": {"x":1,"y":1,"w":162,"h":167},
	"rotated": false,
	"trimmed": false,
	"spriteSourceSize": {"x":0,"y":0,"w":162,"h":167},
	"sourceSize": {"w":162,"h":167}
},
"spr_hand_0002.png":
{
	"frame": {"x":165,"y":1,"w":160,"h":155},
	"rotated": false,
	"trimmed": true,
	"spriteSourceSize": {"x":2,"y":12,"w":160,"h":155},
	"sourceSize": {"w":162,"h":167}
}},
"meta": {
	"app": "http://www.codeandweb.com/texturepacker",
	"version": "1.0",
	"image": "spritesheet_03_1280x720.png",
	"format": "RGBA8888",
	"size": {"w":326,"h":169},
	"scale": "1",
	"smartupdate": "$TexturePacker:SmartUpdate:351cac419ee5df893d060f563bf85d92:4506d4796a71948251b59a5ca6e8e487:bd775408e3cf92fd46e85e069d3e075d$"
}
}
